Income,LoanAmount,CreditScore,EmploymentYears,ExistingLoans,LoanApproved
141958,83752,491,14,3,0
35795,60284,316,7,4,0
20860,62043,823,5,2,0
123694,40547,700,27,1,1
148106,87844,321,26,3,0
139879,32532,773,9,1,1
130268,39349,419,2,1,0
96820,50445,509,18,1,0
74886,10713,605,16,2,1
26265,61178,569,6,0,0
102386,54407,584,20,3,0
148214,75340,526,19,0,0
57194,55990,680,25,0,0
107498,80672,759,3,0,0
132727,70545,306,13,1,0
146324,89791,328,19,4,0
64131,63141,332,21,1,0
80263,28793,378,14,1,0
36023,61570,758,23,0,0
61090,42892,869,7,1,0
87221,6015,837,20,0,1
84820,66813,781,14,4,0
20769,32712,729,21,3,0
79735,13415,584,19,0,0
82955,67292,815,27,4,0
84925,28833,398,13,3,0
141637,9158,696,26,2,1
87969,67680,788,28,0,0
25311,25309,338,8,0,0
123355,11970,570,7,2,0
124724,77474,456,25,2,0
103104,91704,374,27,0,0
73707,51540,429,25,2,0
105305,25384,383,16,1,0
48693,23017,321,1,3,0
91932,80880,758,24,3,0
147723,13702,838,23,3,0
113016,5384,681,29,1,1
126970,5404,739,2,2,1
45658,45943,320,7,4,0
104478,52926,602,11,2,1
142537,34189,383,0,0,0
38431,17763,752,9,3,0
22747,23384,686,19,2,0
143855,65100,806,2,4,0
79150,14860,556,5,0,0
85725,85642,869,6,1,0
149981,55612,826,19,1,1
104654,28574,461,22,4,0
55773,28524,462,24,0,0
139346,74172,823,26,3,0
87435,15916,570,17,2,0
76886,9809,791,10,0,1
86803,37201,507,18,1,0
51551,58330,838,4,4,0
136216,18456,883,18,4,0
31394,61397,359,10,2,0
89092,43765,729,23,4,0
23890,39816,608,11,4,0
61606,50106,819,9,0,0
116276,58932,890,7,3,0
145768,22100,326,23,2,0
100038,62091,861,27,0,0
107313,26949,498,27,3,0
30627,75080,686,8,0,0
28792,42744,648,3,0,0
128859,50543,835,4,4,0
128557,97193,677,20,3,0
93969,41187,857,7,2,1
63001,12239,826,22,2,1
96552,19489,452,8,3,0
43897,63017,505,14,4,0
88148,66877,754,14,1,0
141729,48125,572,15,0,0
144243,54922,535,13,4,0
140923,99074,820,7,3,0
140174,37049,800,17,0,1
43483,42131,416,9,2,0
144358,47944,685,27,1,1
68555,78963,643,19,2,0
145436,29285,883,5,3,0
37159,42626,694,11,0,0
130510,47808,363,1,3,0
126530,93464,371,6,0,0
100077,58871,573,15,4,0
55920,24198,619,2,1,1
112067,24758,637,12,4,0
87121,20254,665,2,4,0
89479,49238,794,26,3,0
109475,6252,465,17,1,0
39457,44764,843,10,0,0
86557,82709,310,7,0,0
97189,42441,600,5,2,0
129109,97234,401,0,0,0
98953,58682,724,27,3,0
72995,64494,691,0,4,0
60757,86317,513,22,4,0
29692,70215,387,7,4,0
65758,83587,852,4,1,0
149425,11949,700,27,0,1
92409,60393,887,15,3,0
91211,78553,345,10,1,0
85697,11941,762,4,2,1
57065,30934,891,3,3,0
112093,28386,609,29,3,0
119299,66886,385,5,3,0
149293,80745,391,13,4,0
52606,88251,541,21,3,0
147791,99456,301,18,0,0
31534,58413,524,8,3,0
114663,61800,888,11,4,0
60397,47318,415,10,3,0
146678,75173,402,13,2,0
111387,75390,493,22,2,0
21016,57329,465,15,4,0
109789,48088,389,0,0,0
75591,44811,421,12,0,0
109812,60479,442,22,1,0
43247,90392,405,20,4,0
44300,92369,727,20,3,0
94065,24963,604,29,4,0
102798,60123,616,12,1,1
29268,97705,308,1,4,0
106807,78477,372,3,4,0
32185,19388,658,27,1,0
83704,10569,522,5,0,0
106779,74836,715,25,3,0
59099,41586,852,26,1,0
28571,17015,669,22,2,0
143372,50002,563,26,0,0
125512,11254,617,4,2,1
58044,22144,383,24,0,0
71214,29214,617,2,3,0
81228,85719,410,0,3,0
134752,76774,550,3,4,0
68984,11090,682,24,2,1
60774,16637,306,19,0,0
22568,27415,758,1,3,0
140151,29071,383,25,1,0
82592,63243,507,29,3,0
87563,46240,689,29,1,1
22695,88807,613,4,0,0
144375,38434,321,2,3,0
68190,74724,709,28,3,0
25258,80697,814,27,0,0
107538,33732,426,28,3,0
59504,16314,313,8,1,0
53159,28954,311,19,3,0
33986,62108,386,5,2,0
81858,92044,823,17,4,0
149312,92505,836,5,1,0
32666,41668,600,18,2,0
58660,28061,542,27,0,0
23561,84252,421,11,1,0
46854,44749,446,24,4,0
84505,21907,866,10,4,0
124488,23777,655,1,0,1
72251,98229,608,14,0,0
42662,56745,587,11,1,0
28392,96865,606,11,3,0
50535,86818,893,8,0,0
98603,28624,848,20,3,0
133569,28321,651,23,2,1
72256,15488,611,1,4,0
109135,27574,358,21,3,0
147478,10240,334,2,4,0
55222,48221,744,11,3,0
97373,15478,392,27,2,0
99575,60645,506,29,0,0
143684,24262,652,25,2,1
116354,57796,631,15,0,1
104651,9432,458,20,0,0
83335,69291,323,27,4,0
30965,84104,703,23,2,0
44538,64399,815,25,3,0
128066,84714,663,29,2,0
90592,55428,681,0,4,0
118018,92731,831,20,0,0
133252,5302,451,2,4,0
28110,87558,861,19,1,0
99309,5055,719,1,1,1
47266,13717,549,8,3,0
72992,33699,416,18,4,0
102948,78686,811,14,3,0
142073,72661,877,17,3,0
118806,49247,634,25,1,1
26910,21748,717,10,3,0
130989,9621,594,24,1,0
110982,20034,670,22,0,1
141626,10126,485,15,4,0
139176,10122,545,21,3,0
20206,23030,567,16,1,0
107054,87838,536,4,2,0
107897,89717,829,11,3,0
142409,60658,851,10,0,1
43419,43638,320,29,0,0
70636,72067,819,14,2,0
142546,93869,399,26,1,0
134238,39674,777,2,3,0
70015,40854,898,0,1,1
137478,51271,597,19,0,0
142096,78688,825,28,1,1
127059,43518,633,15,0,1
74268,15267,301,1,1,0
130687,95825,674,1,2,0
107939,6062,592,2,4,0
38141,55448,852,7,2,0
100356,11229,617,23,2,1
125878,61793,801,27,4,0
91910,52915,680,14,4,0
76044,9632,313,6,3,0
87214,8596,803,5,3,0
137930,11168,530,8,2,0
139324,12561,383,19,2,0
53827,78794,429,27,0,0
75820,87152,444,0,0,0
82623,31734,327,7,3,0
101734,11371,365,22,3,0
95450,31069,462,22,0,0
113426,84905,528,2,0,0
137845,17910,560,3,1,0
42299,78479,748,25,1,0
63585,82735,723,24,0,0
129225,86264,759,14,1,0
84044,28275,600,5,4,0
62557,77274,602,14,3,0
69080,86449,586,20,3,0
129556,65004,694,2,0,1
22693,67981,309,24,2,0
115003,89659,569,20,0,0
115259,59553,891,20,1,1
132235,53447,660,13,2,1
89163,39529,556,19,1,0
45939,80703,432,13,4,0
68925,81090,575,3,1,0
62941,22260,812,11,4,0
41834,8812,612,16,4,0
38047,33024,875,6,1,0
46105,63656,583,8,1,0
95766,32285,420,2,4,0
35707,97436,406,27,2,0
41976,6605,503,12,4,0
64262,76158,464,14,3,0
145117,77303,604,17,4,0
43776,32139,796,18,2,0
50080,82149,855,0,3,0
148376,61138,455,5,0,0
86842,81125,666,26,0,0
81373,18918,550,26,2,0
26776,90655,633,22,4,0
112787,32446,810,26,1,1
147948,18046,592,26,2,0
75016,29818,319,1,3,0
29474,9324,581,23,3,0
125830,81323,300,13,0,0
78053,14111,418,5,3,0
41959,43110,334,13,2,0
25530,21389,497,3,3,0
114856,46427,784,20,2,1
139101,84579,358,7,1,0
23748,33746,460,29,0,0
117504,92886,505,2,3,0
118098,5117,311,18,2,0
33545,89471,789,29,4,0
147659,18234,575,13,0,0
86199,58441,541,26,1,0
54766,5846,515,19,2,0
93530,15954,550,16,1,0
113557,84239,425,24,1,0
81087,51514,516,7,3,0
115839,93236,605,23,3,0
136183,11469,484,13,2,0
88840,35105,338,25,4,0
138451,47101,522,5,2,0
74384,69323,483,22,4,0
71005,96922,794,21,1,0
66576,63067,726,15,0,0
59353,54376,477,24,2,0
82003,50587,727,18,2,0
103211,41976,593,13,4,0
72733,72584,450,18,1,0
85318,83477,683,2,1,0
129953,47533,607,9,4,0
109474,6828,635,18,1,1
43664,6917,674,8,3,0
87172,25618,307,27,0,0
105616,37254,640,19,2,1
145879,52362,428,12,0,0
113264,25128,651,6,2,1
135386,64383,657,13,3,0
46736,70545,816,8,1,0
114209,87180,794,26,4,0
123041,92958,385,27,3,0
132859,14865,474,22,0,0
132181,7219,492,24,4,0
20854,44809,610,27,1,0
110084,10287,418,18,3,0
58623,39387,517,14,4,0
27392,13512,726,19,3,0
75680,6342,713,13,3,0
146354,68076,413,23,1,0
66717,24216,444,5,2,0
139937,98070,837,20,4,0
107092,84767,602,28,1,0
70859,31614,887,3,3,0
145657,41258,644,7,1,1
124095,98789,300,16,2,0
46309,47078,446,29,4,0
107455,88524,586,8,2,0
83734,17219,352,0,0,0
90467,5235,603,23,4,0
72662,47929,368,19,2,0
118506,72444,660,24,3,0
129751,13567,519,13,4,0
138906,75792,874,10,4,0
32688,70441,884,20,1,0
45342,89555,460,2,3,0
57157,78698,388,8,0,0
87863,10415,884,26,2,1
126308,41159,888,13,1,1
72083,48925,458,29,2,0
126081,10951,788,8,0,1
85733,92388,623,3,0,0
109045,13007,680,26,4,0
54698,46832,401,3,0,0
130078,63596,793,27,2,1
100623,35523,318,7,3,0
42671,93861,753,1,3,0
45184,91740,781,8,4,0
113384,20524,893,28,2,1
62107,24282,696,13,2,1
106202,28930,578,21,0,0
129893,5077,664,8,2,1
71663,25611,630,23,1,1
35708,21984,643,22,0,0
111906,19060,754,15,1,1
69811,87985,364,28,4,0
22811,89056,375,29,3,0
76250,48303,442,16,4,0
132547,64207,772,15,3,0
92082,80046,716,29,4,0
144249,34287,604,11,2,1
54754,98709,796,2,1,0
115742,44711,590,10,3,0
126642,16954,401,13,0,0
31411,78340,566,17,1,0
22911,77101,302,20,0,0
87270,76520,384,20,1,0
103763,92062,627,4,1,0
28680,23574,749,15,4,0
104896,14184,753,19,3,0
103879,24096,520,4,3,0
91295,72728,453,2,1,0
108614,39016,311,11,2,0
120689,16246,432,0,2,0
31111,50558,603,20,0,0
57504,23381,592,28,0,0
21802,41455,599,8,4,0
28155,97263,342,28,1,0
93656,9018,642,8,0,1
59384,16302,625,3,0,1
132561,72506,797,2,1,1
67254,46157,663,16,4,0
41918,59917,726,1,0,0
105981,97738,320,23,4,0
80713,88122,706,0,3,0
50306,29519,635,7,4,0
36646,92487,416,12,2,0
66843,61819,423,22,2,0
140975,85910,698,14,4,0
116601,76324,350,7,2,0
110735,10408,623,11,3,0
127512,64379,440,21,1,0
36371,30053,769,11,2,0
97371,14446,633,13,2,1
131472,5922,672,14,4,0
22049,56356,863,14,3,0
51616,15789,793,8,1,1
123727,71656,838,18,4,0
132893,49028,455,25,4,0
146603,69484,590,19,3,0
40932,37154,443,28,1,0
137796,87870,405,21,3,0
49855,7336,719,7,1,0
81434,72779,301,20,3,0
92694,24029,888,18,4,0
63016,64201,389,5,4,0
27400,37265,644,19,0,0
137858,48872,649,24,2,1
62642,51197,758,28,3,0
35151,60180,562,18,0,0
71407,28710,650,3,2,1
86690,34486,407,22,3,0
24499,76907,885,6,1,0
26295,76895,338,27,2,0
140885,69435,458,27,4,0
146071,45631,882,3,0,1
79040,25103,611,21,2,1
32183,69772,540,11,2,0
49299,19382,744,12,4,0
32874,89291,597,2,3,0
136336,8756,335,21,1,0
52711,25609,383,11,4,0
25539,21478,751,1,1,0
127941,44666,684,23,3,0
73351,80683,471,1,2,0
81267,76315,675,26,1,0
143133,82834,661,22,0,1
68354,19153,858,8,0,1
146063,81325,440,0,4,0
22557,17999,417,7,3,0
58360,60318,576,22,4,0
102018,5814,519,5,4,0
22200,81077,325,5,4,0
132476,95474,820,21,0,0
88497,7443,309,24,0,0
66975,80993,677,17,4,0
41357,80916,883,16,0,0
139121,78319,451,28,3,0
97505,22368,348,11,4,0
22869,20328,453,5,0,0
146114,61942,592,25,1,0
81135,96751,879,26,4,0
70108,32306,349,7,4,0
132296,90451,830,18,3,0
114179,44915,359,27,2,0
110272,42219,466,9,2,0
58467,85879,501,0,3,0
43328,69644,445,24,3,0
139181,65279,738,28,3,0
111412,58028,541,12,2,0
106831,5126,880,16,3,0
23987,57329,860,2,0,0
78871,32632,782,7,4,0
42399,70310,407,13,4,0
148391,60176,525,2,1,0
66214,91066,731,15,1,0
119522,49327,718,12,4,0
106416,73904,754,19,0,0
90271,8797,459,23,2,0
64064,52882,822,16,2,0
145615,18718,889,12,0,1
90091,39560,376,28,2,0
127450,81589,808,5,3,0
60818,27116,740,16,4,0
65525,41244,553,13,4,0
39830,6645,619,16,0,0
37429,52523,562,29,2,0
26893,24256,896,7,1,0
136381,58173,853,10,1,1
99909,42430,673,19,2,1
67333,44282,466,27,1,0
23436,68374,758,0,0,0
94290,73244,579,25,0,0
96213,16694,601,6,2,1
25895,61264,830,20,1,0
39738,80060,879,20,0,0
50746,62545,517,16,0,0
69377,44224,401,29,3,0
68404,18224,853,9,3,0
74045,45738,587,10,0,0
117888,30150,466,21,2,0
149307,68731,335,29,4,0
59790,54688,652,8,4,0
127455,78509,372,8,0,0
25600,13577,652,23,0,0
114660,13070,369,4,0,0
113179,13666,724,16,2,1
60764,62761,860,8,3,0
94543,41368,816,16,0,1
65714,11783,727,23,0,1
76835,46914,838,20,1,0
122946,75507,459,18,2,0
148191,84026,448,26,0,0
129616,72526,529,6,1,0
125983,75835,861,22,4,0
93744,50765,366,8,0,0
76491,24956,680,6,0,1
144123,92895,357,12,1,0
38589,51240,558,10,2,0
63484,42148,641,13,0,0
102989,99270,429,18,4,0
56212,9757,471,10,0,0
63525,24097,508,12,4,0
67202,15395,653,13,3,0
52635,21241,770,12,3,0
83208,32696,415,0,4,0
53828,75480,563,7,2,0
38711,51163,741,11,0,0
23420,24816,847,18,0,0
116752,54840,752,11,3,0
20301,57853,776,7,4,0
65236,29917,586,7,0,0
135294,26566,602,28,0,1
137858,80452,610,20,2,1
86235,67823,507,12,1,0
74240,25806,745,11,3,0
144019,80520,354,28,3,0
85726,6759,311,15,1,0
30492,46949,699,0,0,0
135668,97374,814,12,2,0
121279,7482,841,25,2,1
26102,29442,536,6,3,0
70336,38719,578,27,2,0
138015,63066,647,25,1,1
105314,98501,403,4,0,0
143007,7079,816,7,1,1
46641,7717,547,24,4,0
54584,64676,663,26,3,0
52745,32952,620,13,2,0
140542,91444,585,22,4,0
43093,47460,448,29,2,0
86105,95397,383,12,0,0
123746,77847,705,14,0,0
120199,98607,755,22,0,0
71885,94106,460,16,2,0
56631,23449,759,14,4,0
131217,38536,849,19,0,1
92991,69077,799,17,4,0
24014,43258,808,17,2,0
31093,53302,780,1,4,0
38070,33865,413,3,2,0
55777,11645,877,29,2,1
76958,43000,660,0,3,0
102074,31737,640,3,2,1
30729,16485,748,17,2,0
119713,43565,479,4,1,0
65017,30522,706,18,0,1
86320,70155,495,14,3,0
47751,60168,765,27,3,0
126400,57487,610,7,3,0
125864,17342,561,19,1,0
98069,45806,718,16,2,1
125647,53770,705,0,0,1
125510,83623,442,11,4,0
74748,80629,641,25,2,0
25801,57603,615,18,1,0
39190,86974,400,14,2,0
69689,31399,543,8,2,0
124290,90382,789,6,1,0
70993,86244,311,1,3,0
49592,81534,538,28,3,0
30647,60106,860,8,0,0
28716,35678,341,9,0,0
108891,81218,893,1,3,0
107545,68230,728,18,4,0
137638,79055,457,10,2,0
109912,61373,515,12,4,0
130627,36480,761,9,2,1
90316,90230,433,13,3,0
146995,73836,366,17,0,0
22368,77258,306,18,0,0
97575,44986,825,21,4,0
26655,29160,372,8,0,0
126477,90595,698,24,3,0
90031,84111,704,6,4,0
96429,69929,877,27,2,0
111083,78506,429,2,0,0
107922,39911,765,19,1,1
75766,92127,505,5,0,0
144046,36821,565,26,2,0
33403,80039,836,20,4,0
52097,65535,552,1,2,0
98657,89458,588,28,1,0
140607,17175,463,5,3,0
30966,59771,394,2,0,0
144862,91925,409,15,4,0
119157,71358,635,29,3,0
138834,22327,537,7,2,0
113848,52057,680,1,4,0
72921,11150,735,16,3,0
69726,9425,782,8,4,0
146141,21032,324,29,1,0
70300,7198,416,11,1,0
42677,65500,781,2,0,0
75609,58394,691,10,0,0
116825,25079,836,0,1,1
76661,41220,378,22,4,0
51024,46874,879,12,1,0
128211,18859,472,14,0,0
90313,55460,311,25,1,0
147813,36419,427,4,1,0
73006,13705,391,20,4,0
115285,47880,842,29,3,0
35338,28236,831,16,0,0
88027,92955,746,24,4,0
112772,90514,689,22,1,0
133632,20358,342,23,1,0
100135,99914,553,24,3,0
39508,81918,429,5,0,0
140379,19596,359,27,0,0
23051,38572,766,20,2,0
68747,83757,586,21,0,0
134692,6279,816,10,3,0
107142,68197,766,17,2,0
107235,67516,644,3,2,0
74021,12083,681,2,1,1
86412,22771,552,12,1,0
78335,34975,355,22,0,0
76179,50648,762,8,2,0
52093,53285,756,20,1,0
89678,24063,382,5,3,0
100738,72642,398,25,1,0
59734,95093,448,29,1,0
92615,91143,628,27,2,0
93523,42599,455,11,2,0
125103,56920,489,1,4,0
114476,33529,793,2,3,0
122769,40954,562,2,2,0
37019,32856,379,27,0,0
131721,7573,699,11,3,0
103613,83344,559,14,3,0
111794,40367,851,8,2,1
106672,65774,400,22,3,0
93847,28752,658,7,2,1
102750,60029,679,10,1,1
99634,22685,520,15,4,0
48251,56693,719,25,1,0
123481,60961,423,26,2,0
132566,81908,721,24,2,0
45945,79532,530,21,1,0
110852,86994,362,3,0,0
52217,61133,784,27,0,0
28308,66268,873,0,0,0
25949,97201,782,23,2,0
71990,43243,818,6,3,0
21150,62384,454,1,2,0
109480,36653,391,23,3,0
120235,31657,825,27,1,1
94740,44952,754,4,4,0
136352,27180,897,6,3,0
86617,83411,809,3,0,0
114841,6622,482,4,2,0
36896,53756,685,23,1,0
145729,45809,873,0,0,1
66175,21725,704,0,1,1
27805,66396,545,14,4,0
25237,56226,890,19,2,0
135247,86182,770,18,2,0
40056,87565,722,28,4,0
65543,34402,364,9,2,0
76556,9263,312,27,3,0
134548,51828,512,17,1,0
131488,52924,541,27,0,0
23343,79182,792,2,4,0
33500,98065,512,10,3,0
73222,64052,637,14,0,0
49375,16664,472,26,0,0
29662,40737,463,29,4,0
36964,94563,764,10,3,0
133429,34373,796,16,0,1
141692,41397,694,16,0,1
79638,91145,607,5,3,0
93666,43709,482,4,2,0
105067,66120,809,7,0,0
138937,24250,845,1,1,1
87215,26172,863,15,3,0
89042,16555,893,19,0,1
33284,92410,526,23,4,0
92789,83617,735,11,1,0
104664,58276,721,5,0,1
113468,62492,853,0,1,1
81389,58002,320,3,1,0
29435,94599,853,16,2,0
74340,77355,696,12,1,0
64078,96248,404,17,2,0
98832,29762,491,4,3,0
71293,16046,316,29,2,0
115981,33769,419,23,4,0
98781,58302,692,23,0,1
80403,28150,724,26,3,0
49124,73247,428,2,3,0
115435,9853,429,10,4,0
63919,99613,871,12,2,0
128761,94399,859,3,0,0
141305,26792,328,25,2,0
55247,64129,396,26,1,0
141172,79478,309,13,2,0
114758,72298,541,21,3,0
111747,36987,531,10,0,0
82752,20850,583,26,2,0
76573,17112,499,9,0,0
79101,29058,378,18,0,0
122756,50420,472,17,1,0
46646,43890,766,5,1,0
124185,71017,880,26,3,0
43049,52304,715,28,4,0
99605,37921,748,14,0,1
118116,6524,386,20,4,0
117379,20048,400,29,3,0
88385,40111,307,9,0,0
146131,42904,499,4,0,0
60158,59912,804,25,4,0
85417,39008,386,28,2,0
43289,5060,342,4,1,0
130226,79666,684,9,2,0
120793,88559,734,27,4,0
29823,60337,707,4,1,0
80160,18350,782,2,2,1
61975,29354,316,22,1,0
29540,50186,447,5,0,0
36364,33145,576,3,2,0
24611,39020,531,17,1,0
47663,91123,665,27,1,0
71991,80186,527,8,1,0
77679,90469,735,16,2,0
124182,25581,698,28,3,0
50977,93929,510,12,2,0
114704,28051,690,26,4,0
69115,56474,798,14,2,0
111007,96748,839,29,1,0
108223,74626,862,19,0,0
80890,11960,790,16,2,1
86387,40772,741,12,2,1
38071,26520,560,15,1,0
79275,54481,649,21,0,0
92369,41408,651,3,0,1
31938,99006,819,4,4,0
55195,62134,619,4,2,0
111680,25491,437,8,0,0
24000,6341,849,16,0,0
90588,49623,667,12,3,0
121042,95327,519,1,3,0
113610,5338,636,12,0,1
140420,76431,522,21,4,0
123691,17254,659,20,0,1
126306,56860,628,26,1,1
117856,16344,762,22,2,1
58304,6750,860,18,4,0
131783,59756,681,2,1,1
89449,72957,889,9,4,0
102986,63053,468,1,1,0
109643,75855,516,12,2,0
40764,20896,677,18,2,0
128940,60761,418,25,3,0
106027,67552,489,16,1,0
58494,82454,669,20,3,0
23373,95600,448,13,1,0
32161,32935,787,11,3,0
117532,42641,673,20,2,1
112658,34711,459,11,4,0
143633,75342,650,10,3,0
120386,17182,587,6,1,0
47350,92833,587,3,1,0
113008,61276,525,18,2,0
114297,24541,822,0,1,1
45351,99457,821,27,0,0
108668,87310,572,23,4,0
134585,49813,701,28,3,0
35305,42198,482,2,4,0
95353,13820,787,12,2,1
96797,29070,423,14,3,0
85953,74768,713,1,3,0
77458,16122,471,10,0,0
127112,85559,587,3,2,0
40358,78543,734,18,1,0
23267,88441,412,28,0,0
102745,46786,421,16,0,0
109588,99934,843,2,4,0
58513,11737,521,27,4,0
46092,41062,338,17,4,0
31338,59237,796,7,0,0
20412,56571,532,21,1,0
27543,30510,829,24,3,0
125891,24426,448,23,4,0
53496,42265,696,25,1,0
80692,22850,601,18,2,1
109084,71150,659,4,4,0
112920,92312,537,6,3,0
143555,94613,535,20,2,0
64425,79910,502,7,2,0
58756,57375,555,27,3,0
38888,40435,897,4,4,0
55735,62132,534,16,0,0
67295,83945,644,4,3,0
137474,87050,833,3,3,0
134352,7983,765,21,3,0
103042,25662,840,18,2,1
105999,28510,512,26,1,0
37955,83187,762,20,0,0
57841,45998,735,1,4,0
90640,61846,582,10,4,0
85510,99071,861,21,1,0
54911,11640,762,12,3,0
79031,49547,706,14,0,0
108726,59620,387,11,4,0
27357,20317,343,21,4,0
52479,12564,760,20,3,0
81476,32345,577,21,1,0
64811,99223,720,10,0,0
56208,84273,652,6,1,0
40150,79859,814,27,1,0
91180,85765,318,4,0,0
63286,79038,322,16,0,0
132856,57393,712,23,4,0
88450,71081,329,19,4,0
41352,34430,407,8,0,0
75069,80532,666,13,2,0
131888,32788,580,25,4,0
130448,53543,427,11,2,0
34397,18919,528,5,0,0
61555,74346,410,16,4,0
66959,44974,435,18,1,0
20728,21371,661,18,0,0
70517,50084,485,25,3,0
139180,34629,883,15,2,1
86234,56184,428,11,0,0
59954,66916,560,11,0,0
67280,78972,814,19,4,0
99459,67187,748,5,4,0
36779,17984,403,22,4,0
83932,38039,782,25,3,0
92936,90431,523,3,4,0
44466,88691,790,5,0,0
56939,63606,772,10,4,0
89896,15616,309,0,1,0
55270,55072,704,29,4,0
79163,29574,601,23,3,0
102637,8430,530,22,1,0
71934,17676,365,14,0,0
84895,15816,411,26,0,0
52307,37733,312,10,2,0
74098,90680,692,24,1,0
80921,7050,799,18,2,1
25486,38933,897,17,1,0
28335,29951,533,16,1,0
106900,37413,613,18,3,0
146020,39801,865,20,2,1
141954,60619,311,13,3,0
122795,37913,508,26,1,0
109112,45600,313,17,0,0
117203,62775,717,27,1,1
31130,95816,736,18,3,0
107508,95093,676,14,2,0
125955,40400,319,14,2,0
138324,9494,886,3,3,0
80566,85688,369,6,2,0
86703,94431,510,12,4,0
47192,79691,400,2,0,0
21062,48001,431,15,0,0
104076,72364,680,8,0,0
109780,50028,431,7,2,0
41545,42573,319,19,2,0
41689,5806,835,12,1,0
31174,61638,526,16,1,0
108461,34757,453,16,0,0
146174,39636,768,16,4,0
123033,85097,704,0,1,0
29348,53280,501,7,1,0
43714,29262,337,18,2,0
58102,85435,487,5,4,0
94460,67211,356,2,0,0
122634,59842,319,26,1,0
109930,61979,572,4,4,0
26801,86470,418,12,4,0
123150,43197,882,14,0,1
92267,46844,815,13,4,0
68136,69754,520,28,4,0
43625,39157,825,22,4,0
102873,82129,814,15,1,0
120843,45042,635,17,0,1
92592,66665,354,21,4,0
97052,87856,799,28,4,0
64261,32376,835,21,1,1
21542,60554,461,10,0,0
41677,19199,893,2,2,0
66732,86412,458,21,1,0
70343,55948,487,9,0,0
59081,78781,359,9,4,0
82856,77750,618,29,0,0
113105,71262,510,20,0,0
108858,51600,705,15,0,1
39065,81898,408,11,2,0
144097,67483,375,1,0,0
103460,23297,841,8,2,1
108092,35448,613,23,4,0
146116,31172,416,2,2,0
74693,47874,318,23,4,0
46962,12657,731,29,4,0
48295,89386,649,24,2,0
33807,30425,482,29,1,0
62348,31685,412,14,3,0
46432,29578,482,2,0,0
103285,33831,780,18,3,0
126995,12906,445,17,0,0
111792,66413,412,7,0,0
77854,59028,775,25,4,0
60262,12287,602,16,0,1
57080,38660,417,7,0,0
21324,80758,460,6,2,0
111267,65504,700,29,3,0
144707,64720,497,6,2,0
55909,39701,559,2,0,0
109339,88300,346,0,4,0
39870,22674,698,3,2,0
54578,88560,858,24,2,0
92124,28874,377,4,1,0
137611,48642,423,0,0,0
123605,70160,374,14,4,0
46790,22602,436,4,2,0
138874,93801,699,12,2,0
45289,30931,804,7,4,0
75129,99377,799,7,0,0
113714,34192,872,4,1,1
114246,51542,437,27,2,0
35485,47520,349,8,1,0
64482,69772,553,0,3,0
106188,63762,862,3,0,0
24748,55106,725,2,3,0
106769,86121,846,1,3,0
29435,30559,601,7,3,0
23709,38742,880,22,0,0
143961,74669,648,8,0,1
50355,85199,348,1,4,0
75771,26754,373,13,1,0
77799,8972,560,13,1,0
33116,75831,655,3,4,0
45470,46873,881,29,4,0
62344,99661,559,5,3,0
62918,14903,594,10,4,0
72224,8020,612,2,2,1
59298,46755,481,7,1,0
128492,90956,663,2,4,0
100219,91988,487,13,2,0
81629,50648,868,27,2,0
86040,14516,842,12,2,1
119518,7396,895,12,2,1
119835,89082,847,1,3,0
48016,24129,707,12,2,0
43960,6591,713,28,3,0
53591,16303,641,18,3,0
102848,35561,519,26,2,0
123333,76719,462,5,1,0
131732,97108,519,15,2,0
134821,91231,569,1,2,0
87641,12314,699,7,2,1
56395,24623,481,16,1,0
131276,72675,504,22,0,0
149695,70082,881,1,0,1
42700,88624,855,9,3,0
54620,38130,527,27,3,0
123214,56756,895,15,1,1
148148,31292,549,5,4,0
40559,91206,740,27,0,0
113045,74274,832,1,3,0
113396,7469,495,1,0,0
81642,58947,818,25,1,0
96539,27534,369,12,1,0
41732,68620,698,23,4,0
148675,53874,502,14,4,0
111362,54708,447,27,1,0
50354,79553,771,1,3,0
33843,73344,498,6,0,0
130008,54138,725,2,2,1
134065,59302,791,7,4,0
91726,52638,441,22,2,0
37640,83249,612,13,3,0
72528,7719,464,23,4,0
58413,27890,613,29,2,1
148142,82236,320,22,3,0
72638,41509,381,26,0,0
72736,47534,880,21,3,0
127892,97241,430,28,4,0
130133,23787,898,6,1,1
126357,53845,604,20,0,1
88866,62932,670,6,2,0
39087,97124,683,0,4,0
61430,96659,744,16,1,0
44504,38062,724,8,3,0
27114,80713,460,29,1,0
98859,92263,477,20,4,0
119657,65461,789,12,4,0
30975,80418,626,20,1,0
31023,71672,897,18,3,0
41447,39832,588,20,1,0
110469,36966,892,18,4,0
145899,77545,872,24,4,0
43959,17987,872,24,2,0
86203,42311,653,21,2,1
139156,36575,327,16,0,0
49703,68852,342,22,4,0
29337,6007,722,22,2,0
66427,75981,897,29,1,0
141507,81242,476,9,3,0
81529,52517,828,9,1,0
122023,34257,793,3,3,0
104665,92272,497,7,2,0
125787,47207,876,21,0,1
51921,18281,816,19,1,1
53307,66246,813,19,1,0
47355,6435,321,17,1,0
123268,96357,411,13,3,0
147016,31660,356,17,2,0
24835,10084,365,27,1,0
40159,87197,397,13,1,0
124346,18507,443,19,0,0
67605,77595,734,20,0,0
141790,88807,385,23,2,0
125616,50539,887,14,2,1
58088,12491,643,21,4,0
